dataset,samples,features,classes,groups,source_identifier,source_landing_page,processed_sha256,redistribution
11_Tumor,174,12533,11,,10.17632/fhx5zgx2zj.1,https://doi.org/10.17632/fhx5zgx2zj.1,bbb261aa7922aaf6b0354bbae9ed95bfc8b1c5928d3fd5cc88af013e9aaff6e9,CC BY-NC 3.0; downloaded by repository command
Brain_Tumor,180,54613,4,,GSE4290,https://www.ncbi.nlm.nih.gov/geo/query/acc.cgi?acc=GSE4290,7ca8244a133cebac4e5126b3b1fcd2e6a24825821aa5484f907c49f369cfc69e,Public study source; downloaded by repository command
Breast_cancer_1,97,24481,2,,10.17632/fhx5zgx2zj.1,https://doi.org/10.17632/fhx5zgx2zj.1,cf255ec21571c376f2fc86c2af9feb4f1af92bbf24fe0084841d9965ea70dd9c,CC BY-NC 3.0; downloaded by repository command
Breast_cancer_2,104,22283,2,52,GSE3726,https://www.ncbi.nlm.nih.gov/geo/query/acc.cgi?acc=GSE3726,a53a7d694f8cadb4b3386c88b3441b0e182ab7776d1fb2f401656ef9e18570b6,Public study source; downloaded by repository command
Colon,62,2000,2,,Alon benchmark pinned at commit 5681201bb4e2ba7024fe15d4c71046017219b658,https://github.com/kivancguckiran/microarray-data/tree/5681201bb4e2ba7024fe15d4c71046017219b658,8a2e90c7aae9516ee5a7c27d55de68c8143edf407c8303a95dfcbdfa6486362a,No upstream data license declared; download only
Leukemia,72,7129,2,,Golub benchmark pinned at commit 5681201bb4e2ba7024fe15d4c71046017219b658,https://github.com/kivancguckiran/microarray-data/tree/5681201bb4e2ba7024fe15d4c71046017219b658,3bca30a66658e9b9f7267c7ed47e9f93f4aa44e8247a4aaa0ff68ece48c4bb0e,No upstream data license declared; download only
Lung_Adenocarcinoma,107,22283,2,74,E-GEOD-10072,https://www.ebi.ac.uk/biostudies/arrayexpress/studies/E-GEOD-10072,3dccfd28523903f62a98cbb0ff213d537e4f2044c786c43a167145809c210a17,Public study source; downloaded by repository command
Lung_cancer,111,54675,2,,GSE3141,https://www.ncbi.nlm.nih.gov/geo/query/acc.cgi?acc=GSE3141,64ee59565b66713adb1d527664c336275b624687bba3634d04d4221e19751ffd,Public study source; downloaded by repository command
Pancreatic_Cancer,78,54675,2,36,E-GEOD-15471,https://www.ebi.ac.uk/biostudies/arrayexpress/studies/E-GEOD-15471,3b171e5cfbcd1686d87c0899a996dc5e224a76cfba67f5a594d10ac0dc098f79,Public study source; downloaded by repository command
SRBCT,83,2308,4,,10.17632/fhx5zgx2zj.1,https://doi.org/10.17632/fhx5zgx2zj.1,df44dda241b6a27d7be3572c575cc554eb4b7a697ab59f32948229fc0785c8f8,CC BY-NC 3.0; downloaded by repository command
